keyword,description
diet sehat,Panduan diet sehat untuk pemula
tips menurunkan berat badan,Cara efektif menurunkan berat badan
makanan tinggi protein,Daftar makanan sumber protein terbaik
olahraga di rumah,Latihan fitness tanpa alat gym
manfaat buah-buahan,Khasiat buah untuk kesehatan
cara mengatasi insomnia,Tips tidur nyenyak alami
resep smoothie sehat,Kombinasi buah untuk smoothie
tips skincare harian,Rutinitas perawatan kulit
manfaat minum air putih,Pentingnya hidrasi tubuh
cara mengelola stres,Teknik relaksasi dan meditasi